image,mask
6399_sat_32.jpg,6399_mask_32.jpg
6399_sat_41.jpg,6399_mask_41.jpg
6399_sat_42.jpg,6399_mask_42.jpg
6399_sat_43.jpg,6399_mask_43.jpg
6399_sat_50.jpg,6399_mask_50.jpg
6399_sat_51.jpg,6399_mask_51.jpg
6399_sat_53.jpg,6399_mask_53.jpg
6399_sat_61.jpg,6399_mask_61.jpg
6399_sat_62.jpg,6399_mask_62.jpg
6399_sat_63.jpg,6399_mask_63.jpg
6399_sat_84.jpg,6399_mask_84.jpg
6399_sat_85.jpg,6399_mask_85.jpg
6399_sat_86.jpg,6399_mask_86.jpg
6399_sat_87.jpg,6399_mask_87.jpg
6399_sat_88.jpg,6399_mask_88.jpg
7791_sat_88.jpg,7791_mask_88.jpg
7906_sat_00.jpg,7906_mask_00.jpg
7906_sat_06.jpg,7906_mask_06.jpg
7906_sat_07.jpg,7906_mask_07.jpg
7906_sat_08.jpg,7906_mask_08.jpg
7906_sat_10.jpg,7906_mask_10.jpg
7906_sat_16.jpg,7906_mask_16.jpg
7906_sat_17.jpg,7906_mask_17.jpg
7906_sat_18.jpg,7906_mask_18.jpg
7906_sat_20.jpg,7906_mask_20.jpg
7906_sat_26.jpg,7906_mask_26.jpg
7906_sat_27.jpg,7906_mask_27.jpg
7906_sat_28.jpg,7906_mask_28.jpg
7906_sat_37.jpg,7906_mask_37.jpg
7906_sat_38.jpg,7906_mask_38.jpg
7906_sat_40.jpg,7906_mask_40.jpg
7906_sat_47.jpg,7906_mask_47.jpg
7906_sat_50.jpg,7906_mask_50.jpg
7906_sat_51.jpg,7906_mask_51.jpg
7906_sat_55.jpg,7906_mask_55.jpg
7906_sat_56.jpg,7906_mask_56.jpg
7906_sat_57.jpg,7906_mask_57.jpg
7906_sat_60.jpg,7906_mask_60.jpg
7906_sat_61.jpg,7906_mask_61.jpg
7906_sat_64.jpg,7906_mask_64.jpg
7906_sat_66.jpg,7906_mask_66.jpg
7906_sat_67.jpg,7906_mask_67.jpg
7906_sat_70.jpg,7906_mask_70.jpg
7906_sat_77.jpg,7906_mask_77.jpg
7906_sat_78.jpg,7906_mask_78.jpg
7906_sat_80.jpg,7906_mask_80.jpg
7906_sat_83.jpg,7906_mask_83.jpg
7906_sat_84.jpg,7906_mask_84.jpg
7906_sat_86.jpg,7906_mask_86.jpg
7906_sat_87.jpg,7906_mask_87.jpg
7906_sat_88.jpg,7906_mask_88.jpg
10452_sat_08.jpg,10452_mask_08.jpg
10452_sat_18.jpg,10452_mask_18.jpg
13415_sat_00.jpg,13415_mask_00.jpg
13415_sat_01.jpg,13415_mask_01.jpg
13415_sat_02.jpg,13415_mask_02.jpg
13415_sat_03.jpg,13415_mask_03.jpg
13415_sat_05.jpg,13415_mask_05.jpg
13415_sat_06.jpg,13415_mask_06.jpg
13415_sat_07.jpg,13415_mask_07.jpg
13415_sat_08.jpg,13415_mask_08.jpg
13415_sat_10.jpg,13415_mask_10.jpg
13415_sat_12.jpg,13415_mask_12.jpg
13415_sat_13.jpg,13415_mask_13.jpg
13415_sat_14.jpg,13415_mask_14.jpg
13415_sat_15.jpg,13415_mask_15.jpg
13415_sat_16.jpg,13415_mask_16.jpg
13415_sat_17.jpg,13415_mask_17.jpg
13415_sat_21.jpg,13415_mask_21.jpg
13415_sat_22.jpg,13415_mask_22.jpg
13415_sat_23.jpg,13415_mask_23.jpg
13415_sat_24.jpg,13415_mask_24.jpg
13415_sat_26.jpg,13415_mask_26.jpg
13415_sat_27.jpg,13415_mask_27.jpg
13415_sat_32.jpg,13415_mask_32.jpg
13415_sat_33.jpg,13415_mask_33.jpg
13415_sat_34.jpg,13415_mask_34.jpg
13415_sat_35.jpg,13415_mask_35.jpg
13415_sat_36.jpg,13415_mask_36.jpg
13415_sat_37.jpg,13415_mask_37.jpg
13415_sat_38.jpg,13415_mask_38.jpg
13415_sat_43.jpg,13415_mask_43.jpg
13415_sat_44.jpg,13415_mask_44.jpg
13415_sat_45.jpg,13415_mask_45.jpg
13415_sat_47.jpg,13415_mask_47.jpg
13415_sat_48.jpg,13415_mask_48.jpg
13415_sat_51.jpg,13415_mask_51.jpg
13415_sat_54.jpg,13415_mask_54.jpg
13415_sat_58.jpg,13415_mask_58.jpg
13415_sat_61.jpg,13415_mask_61.jpg
13415_sat_66.jpg,13415_mask_66.jpg
13415_sat_67.jpg,13415_mask_67.jpg
13415_sat_68.jpg,13415_mask_68.jpg
13415_sat_70.jpg,13415_mask_70.jpg
13415_sat_71.jpg,13415_mask_71.jpg
13415_sat_78.jpg,13415_mask_78.jpg
13415_sat_80.jpg,13415_mask_80.jpg
15573_sat_00.jpg,15573_mask_00.jpg
15573_sat_01.jpg,15573_mask_01.jpg
15573_sat_02.jpg,15573_mask_02.jpg
15573_sat_03.jpg,15573_mask_03.jpg
15573_sat_04.jpg,15573_mask_04.jpg
15573_sat_06.jpg,15573_mask_06.jpg
15573_sat_07.jpg,15573_mask_07.jpg
15573_sat_10.jpg,15573_mask_10.jpg
15573_sat_11.jpg,15573_mask_11.jpg
15573_sat_12.jpg,15573_mask_12.jpg
15573_sat_13.jpg,15573_mask_13.jpg
15573_sat_14.jpg,15573_mask_14.jpg
15573_sat_15.jpg,15573_mask_15.jpg
15573_sat_16.jpg,15573_mask_16.jpg
15573_sat_17.jpg,15573_mask_17.jpg
15573_sat_20.jpg,15573_mask_20.jpg
15573_sat_21.jpg,15573_mask_21.jpg
15573_sat_22.jpg,15573_mask_22.jpg
15573_sat_23.jpg,15573_mask_23.jpg
15573_sat_26.jpg,15573_mask_26.jpg
15573_sat_27.jpg,15573_mask_27.jpg
15573_sat_31.jpg,15573_mask_31.jpg
15573_sat_32.jpg,15573_mask_32.jpg
15573_sat_36.jpg,15573_mask_36.jpg
15573_sat_37.jpg,15573_mask_37.jpg
15573_sat_38.jpg,15573_mask_38.jpg
15573_sat_40.jpg,15573_mask_40.jpg
15573_sat_41.jpg,15573_mask_41.jpg
15573_sat_42.jpg,15573_mask_42.jpg
15573_sat_43.jpg,15573_mask_43.jpg
15573_sat_44.jpg,15573_mask_44.jpg
15573_sat_47.jpg,15573_mask_47.jpg
15573_sat_48.jpg,15573_mask_48.jpg
15573_sat_50.jpg,15573_mask_50.jpg
15573_sat_51.jpg,15573_mask_51.jpg
15573_sat_52.jpg,15573_mask_52.jpg
15573_sat_54.jpg,15573_mask_54.jpg
15573_sat_56.jpg,15573_mask_56.jpg
15573_sat_57.jpg,15573_mask_57.jpg
15573_sat_58.jpg,15573_mask_58.jpg
15573_sat_60.jpg,15573_mask_60.jpg
15573_sat_61.jpg,15573_mask_61.jpg
15573_sat_62.jpg,15573_mask_62.jpg
15573_sat_63.jpg,15573_mask_63.jpg
15573_sat_66.jpg,15573_mask_66.jpg
15573_sat_67.jpg,15573_mask_67.jpg
15573_sat_68.jpg,15573_mask_68.jpg
15573_sat_71.jpg,15573_mask_71.jpg
15573_sat_72.jpg,15573_mask_72.jpg
15573_sat_73.jpg,15573_mask_73.jpg
15573_sat_75.jpg,15573_mask_75.jpg
15573_sat_76.jpg,15573_mask_76.jpg
15573_sat_77.jpg,15573_mask_77.jpg
15573_sat_78.jpg,15573_mask_78.jpg
15573_sat_82.jpg,15573_mask_82.jpg
15573_sat_83.jpg,15573_mask_83.jpg
15573_sat_84.jpg,15573_mask_84.jpg
15573_sat_85.jpg,15573_mask_85.jpg
15573_sat_86.jpg,15573_mask_86.jpg
15573_sat_87.jpg,15573_mask_87.jpg
20187_sat_04.jpg,20187_mask_04.jpg
20187_sat_05.jpg,20187_mask_05.jpg
20187_sat_14.jpg,20187_mask_14.jpg
20187_sat_15.jpg,20187_mask_15.jpg
20187_sat_24.jpg,20187_mask_24.jpg
20187_sat_25.jpg,20187_mask_25.jpg
20187_sat_35.jpg,20187_mask_35.jpg
20187_sat_36.jpg,20187_mask_36.jpg
20187_sat_45.jpg,20187_mask_45.jpg
20187_sat_46.jpg,20187_mask_46.jpg
20187_sat_55.jpg,20187_mask_55.jpg
20187_sat_56.jpg,20187_mask_56.jpg
20187_sat_57.jpg,20187_mask_57.jpg
20187_sat_65.jpg,20187_mask_65.jpg
20187_sat_67.jpg,20187_mask_67.jpg
20187_sat_68.jpg,20187_mask_68.jpg
20187_sat_75.jpg,20187_mask_75.jpg
20187_sat_77.jpg,20187_mask_77.jpg
20187_sat_78.jpg,20187_mask_78.jpg
20187_sat_85.jpg,20187_mask_85.jpg
20187_sat_86.jpg,20187_mask_86.jpg
20187_sat_88.jpg,20187_mask_88.jpg
24813_sat_03.jpg,24813_mask_03.jpg
24813_sat_11.jpg,24813_mask_11.jpg
24813_sat_12.jpg,24813_mask_12.jpg
24813_sat_13.jpg,24813_mask_13.jpg
24813_sat_20.jpg,24813_mask_20.jpg
24813_sat_21.jpg,24813_mask_21.jpg
24813_sat_31.jpg,24813_mask_31.jpg
24813_sat_32.jpg,24813_mask_32.jpg
24813_sat_40.jpg,24813_mask_40.jpg
24813_sat_41.jpg,24813_mask_41.jpg
24813_sat_42.jpg,24813_mask_42.jpg
24813_sat_53.jpg,24813_mask_53.jpg
24813_sat_63.jpg,24813_mask_63.jpg
24813_sat_64.jpg,24813_mask_64.jpg
24813_sat_73.jpg,24813_mask_73.jpg
24813_sat_74.jpg,24813_mask_74.jpg
24813_sat_83.jpg,24813_mask_83.jpg
24813_sat_84.jpg,24813_mask_84.jpg
24813_sat_85.jpg,24813_mask_85.jpg
27460_sat_00.jpg,27460_mask_00.jpg
27460_sat_01.jpg,27460_mask_01.jpg
27460_sat_02.jpg,27460_mask_02.jpg
27460_sat_03.jpg,27460_mask_03.jpg
27460_sat_04.jpg,27460_mask_04.jpg
27460_sat_05.jpg,27460_mask_05.jpg
27460_sat_10.jpg,27460_mask_10.jpg
27460_sat_11.jpg,27460_mask_11.jpg
27460_sat_12.jpg,27460_mask_12.jpg
27460_sat_13.jpg,27460_mask_13.jpg
27460_sat_14.jpg,27460_mask_14.jpg
27460_sat_15.jpg,27460_mask_15.jpg
27460_sat_16.jpg,27460_mask_16.jpg
27460_sat_17.jpg,27460_mask_17.jpg
27460_sat_18.jpg,27460_mask_18.jpg
27460_sat_22.jpg,27460_mask_22.jpg
27460_sat_23.jpg,27460_mask_23.jpg
27460_sat_24.jpg,27460_mask_24.jpg
27460_sat_25.jpg,27460_mask_25.jpg
27460_sat_26.jpg,27460_mask_26.jpg
27460_sat_27.jpg,27460_mask_27.jpg
27460_sat_28.jpg,27460_mask_28.jpg
27460_sat_33.jpg,27460_mask_33.jpg
27460_sat_34.jpg,27460_mask_34.jpg
27460_sat_35.jpg,27460_mask_35.jpg
27460_sat_36.jpg,27460_mask_36.jpg
27460_sat_38.jpg,27460_mask_38.jpg
27460_sat_42.jpg,27460_mask_42.jpg
27460_sat_43.jpg,27460_mask_43.jpg
27460_sat_44.jpg,27460_mask_44.jpg
27460_sat_48.jpg,27460_mask_48.jpg
27460_sat_50.jpg,27460_mask_50.jpg
27460_sat_51.jpg,27460_mask_51.jpg
27460_sat_52.jpg,27460_mask_52.jpg
27460_sat_53.jpg,27460_mask_53.jpg
27460_sat_57.jpg,27460_mask_57.jpg
27460_sat_58.jpg,27460_mask_58.jpg
27460_sat_60.jpg,27460_mask_60.jpg
27460_sat_62.jpg,27460_mask_62.jpg
27460_sat_63.jpg,27460_mask_63.jpg
27460_sat_67.jpg,27460_mask_67.jpg
27460_sat_68.jpg,27460_mask_68.jpg
27460_sat_71.jpg,27460_mask_71.jpg
27460_sat_72.jpg,27460_mask_72.jpg
27460_sat_78.jpg,27460_mask_78.jpg
27460_sat_80.jpg,27460_mask_80.jpg
27460_sat_81.jpg,27460_mask_81.jpg
27460_sat_82.jpg,27460_mask_82.jpg
27460_sat_87.jpg,27460_mask_87.jpg
27460_sat_88.jpg,27460_mask_88.jpg
